ID,group_name,name
1,Group2,6510FI_11601.PV
2,Group2,6510FT_11601.PV
3,Group2,6510TT_11601.PV
4,Group2,6510PT_11601.PV
5,Group2,6510FI_11711.PV
6,Group2,6510FT_11711.PV
7,Group2,6510PT_11714.PV
8,Group2,6510TT_11719.PV
9,Group2,0100FT_10525.PV
10,Group2,0100TT_10218.PV
11,Group2,0100PT_10203.PV
12,Group2,0100FT_15403.PV
13,Group2,0100FT_92905.PV
14,Group2,0100TT_15410.PV
15,Group2,0100PT_15402.PV
16,Group2,0100FI_92904.PV
17,Group2,0100TT_92904.PV
18,Group2,0100PT_92904.PV
19,Group2,0100FT_10427.PV
20,Group2,0100FI_11801.PV
21,Group2,ATT11201.PV
22,Group2,APT11201.PV
23,Group2,0100FI_11802.PV
24,Group2,ATT12201.PV
25,Group2,APT12201.PV
26,Group2,0100FT_60102.PV
27,Group2,0100PI_62401.PV
28,Group2,0100TI_62401.PV
29,Group2,0100TT_91703.PV
30,Group2,0100PT_91705.PV
31,Group2,0100FT_10652.PV
32,Group2,0100FI_10250.PV
33,Group2,0100TT_15405.PV
34,Group2,0100PT_15401.PV
35,Group2,0100FT_10204.PV
36,Group2,0100FT_92702.PV
37,Group2,6510FIQ_11711.OUT
38,Group2,6510FIQ_11601.OUT
39,Group2,6510FIQ_12711.OUT
40,Group2,6510FIQ_12601.OUT
41,Group2,6510FIQ20201.OUT
42,Group2,6510FIQ20202.OUT
43,Group2,6510FIQ20402.OUT
44,Group2,6510FIQ20403.OUT
45,Group2,6510FIQ20401.OUT
46,Group2,6510FIQ20101.OUT
47,Group2,0100FQI_92705.OUT
48,Group2,0100FQI_92702.OUT
49,Group2,0100FQI_92906.OUT
50,Group2,0100FQI_92701.OUT
51,Group2,0100FQI_92905.OUT
52,Group2,0100FQI_92904.OUT
53,Group2,0100FQI_15401.OUT
54,Group2,0100FQI_10525.OUT
55,Group2,0100FQI_10526.OUT
56,Group2,0100FQI_15404.OUT
57,Group2,0100FQI_92603.OUT
58,Group2,0100FT_92603.PV
59,Group2,0100PT_92603.PV
60,Group2,0100TT_92603.PV
61,Group2,0100FQI_92602.OUT
62,Group2,0100TT_92602.PV
63,Group2,0100PT_92602.PV
64,Group2,0100FT_92602.PV
65,Group2,0300FT9900_10.PV
66,Group2,0300PT9900_10.PV
67,Group2,0300TT9900_10.PV
68,Group2,0410FT_00007.PV
69,Group2,0410TT_00001.PV
70,Group2,0410PT_00009.PV
71,Group2,6820FIQ_90101.PV
72,Group2,6820TIA_90101.PV
73,Group2,6820PIA_90101.PV
74,Group2,6510TT_11401.PV
75,Group2,6510TT_11207.PV
76,Group2,6510AT_11202.PV
77,Group2,6510AT_11516.PV
78,Group2,6510PT_11207.PV
79,Group2,6510TT_11511_1.PV
80,Group2,6510AT_11512.PV
81,Group2,6510FT_11101.PV
82,Group2,0200PT_0802.PV
83,Group2,0200TT_0802.PV
84,Group2,0200FT_0802.PV
85,Group2,6510FT_12601.PV
86,Group2,6510FI_12601.PV
87,Group2,6510TT_12601.PV
88,Group2,6510PT_12601.PV
89,Group2,6510FT_12711.PV
90,Group2,6510FI_12711.PV
91,Group2,6510PT_12714.PV
92,Group2,6510TT_12719.PV
93,Group2,6510TT_12401.PV
94,Group2,6510TT_12207.PV
95,Group2,6510AT_12202.PV
96,Group2,6510PT_12207.PV
97,Group2,6510FT_12101.PV
98,Group2,6510FT_20302.PV
99,Group2,6510FT_20201.PV
100,Group2,6510TT_20203.PV
101,Group2,6510PT_20203.PV
102,Group2,6510FT_20203.PV
103,Group2,6510TT_20202.PV
104,Group2,6510PT_20202.PV
105,Group2,6510FT_20102.PV
106,Group2,6510TICA_20201.PV
107,Group2,6510PT_20103.PV
108,Group2,6510FT_20202.PV
109,Group2,6510TT_20204.PV
110,Group2,6510PT_20204.PV
111,Group2,6510PT_20401.PV
112,Group2,6510TT_20401.PV
113,Group2,6510FT_20401.PV
114,Group2,6510PT_20402.PV
115,Group2,6510FT_20402.PV
116,Group2,6510TT_20402.PV
117,Group2,6510FT_20403.PV
118,Group2,6510PT_20403.PV
119,Group2,6510TT_20403.PV
120,Group2,6510TT_20105.PV
121,Group2,6510PT_20105.PV
122,Group2,6510LIS_20102.PV
123,Group2,6510TT_20102.PV
124,Group2,6510PT_20102.PV
125,Group2,6510FT_20101.PV
126,Group2,0100FI_92705.PV
127,Group2,0100TT_92705.PV
128,Group2,0100PT_92705.PV
129,Group2,0100FI_15401.PV
130,Group2,0100TT_15410.PV.1
131,Group2,0100FI_15402.PV
132,Group2,0100TT_15406.PV
133,Group2,0100FI_10526.PV
134,Group2,0100FI_15402.PV.1
135,Group2,7510FT_10201A.PV
136,Group2,7510TT_10203A.PV
137,Group2,7510PT_10203A.PV
138,Group2,7510FT_10203A.PV
139,Group2,7510TT_10213A.PV
140,Group2,7510PT_10207A.PV
141,Group2,7510TT_10409A.PV
142,Group2,7510TT_10408A.PV
143,Group2,7510AT_10401A_01.PV
144,Group2,7510AD_10001A_A.PV
145,Group2,7510AT_10001A_G.PV
146,Group2,7510AT_10001A_A.PV
147,Group2,7510PT_10408A.PV
148,Group2,7510AT_10001A_B.PV
149,Group2,7510FT301A.PV
150,Group2,7520FT_10201B.PV
151,Group2,7520TT_10203B.PV
152,Group2,7520PT_10203B.PV
153,Group2,7520FT_10203B.PV
154,Group2,7520TT_10213B.PV
155,Group2,7520PT_10207B.PV
156,Group2,7520TT_10409B.PV
157,Group2,7520AT_10401B_01.PV
158,Group2,7520AD_10001B_A.PV
159,Group2,7520AT_10001B_G.PV
160,Group2,7520AT_10001B_A.PV
161,Group2,7520PT_10408B.PV
162,Group2,7520AC_10001B_B.PV
163,Group2,7520FT_301B.PV
164,Group2,7520FT_20101.PV
165,Group2,7520FT_20110.PV
166,Group2,7520FI_20110.IN
167,Group2,7520TT_20112.PV
168,Group2,7520PT_20117.PV
169,Group2,7520FT_20103.PV
170,Group2,7520TT_20111.PV
171,Group2,7520PT_20114.PV
172,Group2,7520FT_20108.PV
173,Group2,7520TIC20109.MV
174,Group2,7520PT_20108.PV
175,Group2,7520FT_20107.PV
176,Group2,7520TT_20107.PV
177,Group2,7520PT_20107.PV
178,Group2,7520FT_20111.PV
179,Group2,7520FT_20109.PV
180,Group2,7520TT_20110.PV
181,Group2,7520PT_20110.PV
182,Group2,7520FT_20112.PV
183,Group2,7520TT_20114.PV
184,Group2,7520PT_20128.PV
185,Group2,7520FT_20115.PV
186,Group2,7520TT_20117.PV
187,Group2,7520PT_20127.PV
188,Group2,7520FT_20113.PV
189,Group2,7520TT_20118.PV
190,Group2,7520PT_20122.PV
191,Group2,7510TT_10183.PV
192,Group2,7510LT_10192.PV
193,Group2,7520FT_20114.PV
194,Group2,7520TT_20116.PV
195,Group2,7520PT_20124.PV
196,Group2,1100FI_92705.PV
197,Group2,1100TT_92705.PV
198,Group2,1100FI_15401.PV
199,Group2,1100PT_15402.PV
200,Group2,1100FT_15402.PV
201,Group2,1100FT_92705.PV
202,Group2,1100FI_15402.PV
203,Group2,1100TT_15406.PV
204,Group2,1100PT_10203.PV
205,Group2,1100FI_10526.PV
206,Group2,1100FT_10525.PV
207,Group2,1100TT_10218.PV
208,Group2,1100FT_15403.PV
209,Group2,1100FT_10427.PV
210,Group2,1100FI_11801.PV
211,Group2,TT11201.PV
212,Group2,PT11201.PV
213,Group2,1100FI_11802.PV
214,Group2,TT12201.PV
215,Group2,PT12201.PV
216,Group2,1100TT_91703.PV
217,Group2,1100PT_91709.PV
218,Group2,1100FT_10250.PV
219,Group2,1100TT_15405.PV
220,Group2,1100PT_15401.PV
221,Group2,1100FT_92905.PV
222,Group2,r1100TT_15403.OUT
223,Group2,1100FI_92904.PV
224,Group2,1100TT_92904.PV
225,Group2,1100PT_92904.PV
226,Group2,1100FT_10204.PV
227,Group2,1100FT_92702.PV
228,Group2,7520FIQ_10203A.OUT
229,Group2,7520FIQ_10201A.OUT
230,Group2,7520FIQ_10203B.OUT
231,Group2,7520FIQ_10201B.OUT
232,Group2,7520FIQ_20110.OUT
233,Group2,7520FIQ_20103.OUT
234,Group2,7520FIQ_10201B.OUT.1
235,Group2,7520FIQ_20110.OUT.1
236,Group2,7520FIQ_20112.OUT
237,Group2,7520FIQ_20115.OUT
238,Group2,7520FIQ_20109.OUT
239,Group2,7520FIQ_20113.OUT
240,Group2,7520FIQ_20114.OUT
241,Group2,1100FQI_92705.OUT
242,Group2,1100FQI_92702.OUT
243,Group2,1100FQI_92911.OUT
244,Group2,1100FQI_92905.OUT
245,Group2,1100FQI_92904.OUT
246,Group2,1100FQI_15402.OUT
247,Group2,1100FQI_10525.OUT
248,Group2,1100FQI_10526.OUT
249,Group2,1100FQI_15401.OUT
250,Group2,1100FQI_15404.OUT
251,Group2,1100FIQ_11801.OUT
252,Group2,1100FQI_11802.OUT
253,Group2,1300FT9900_10.PV
254,Group2,1300PT9900_10.PV
255,Group2,1300TT9900_10.PV
256,Group2,0100FI_92902.PV
257,Group2,0100FT_92902.PV
258,Group2,0100FQI_92902.OUT
259,Group2,1100FI_92902.PV
260,Group2,1100FQI_92902.OUT
261,Group2,7520TT_10408B.PV
262,Group2,1100FI_10508.PV
263,Group2,1100FI_20027.PV
264,Group2,1100FI_20026.PV
265,Group2,1100FI_10301.PV
266,Group2,1100FI_13205.PV
267,Group2,7520FI_20101.IN
268,Group2,7520FI_20101_1.IN
269,Group2,7520FI_20102.IN
270,Group2,0100FI_10508.PV
271,Group2,0100FI_20027.PV
272,Group2,0100FI_20026.PV
273,Group2,0100FI_10301.PV
274,Group2,0100FI_13205.PV
275,Group2,0100FT_10508.PV
276,Group2,0100FT_20027.PV
277,Group2,0100FT_20029.PV
278,Group2,0100FT_10152.PV
279,Group2,0100FT_20026.PV
280,Group2,0100FT_10504.PV
281,Group2,0100FT_10301.PV
282,Group2,0100FT_13205.PV
283,Group2,6510FT_20301.PV
284,Group2,1100FT_20027.PV
285,Group2,1100FT_20029.PV
286,Group2,1100FT_10152.PV
287,Group2,1100FT_20026.PV
288,Group2,1100FT_10301.PV
289,Group2,1100FT_13205.PV
290,Group2,7520FT_20102.PV
291,Group2,1100FT_10508.PV
292,Group2,1100FT_10504.PV
293,Group2,7520TIC20121.PV
294,Group2,7520PIC20121.PV
295,Group2,1100PT_92705.PV
296,Group2,0100TT_20709.PV
297,Group2,0100TT_20711.PV
298,Group2,0100FT_20802.PV
299,Group2,0100FT_20902.PV
300,Group2,1100TT_20708.PV
301,Group2,1100TT_20711.PV
302,Group2,1100FT_20802.PV
303,Group2,1100FT_20902.PV
304,Group2,0100FT_70101.PV
305,Group2,1100FT_70101.PV
306,Group2,0100FVI-13111.PV
307,Group2,1100FVI-13111.PV
308,Group2,0100TI_62402.PV
309,Group2,0100PI_62402.PV
310,Group2,1100TT11201.PV
311,Group2,1100PT11201.PV
312,Group2,1100TT12201.PV
313,Group2,1100PT12201.PV
314,Group2,0100PT_10526.PV
315,Group2,0100TT_10527.PV
316,Group2,1100TT_10527.PV
317,Group2,1100PT_10525.PV
318,Group1,OA2.0390TT9300_1.pv
319,Group1,OA2.0390PT9300_3.pv
320,Group1,OA2.0300FT9300_3.pv
321,Group1,OA2.0390PT9300_4.pv
322,Group1,OA2.0390TT9300_2.pv
323,Group1,OA2.0300FT9300_4.pv
324,Group1,OA2.0300TT2008_11.pv
325,Group1,OA2.0300TT2008_7.pv
326,Group1,OA2.0300TIC2008_6.pv
327,Group1,OA2.0300FT2007_2.pv
328,Group1,OA2.0300PT2008_3.pv
329,Group1,OA2.0300FT2008_1.pv
330,Group1,OA2.0300TT2011_1.pv
331,Group1,OA2.0300FT2011_1.pv
332,Group1,OA1.0100TT_20711.PV
333,Group1,OA2.0300TT4002_3.pv
334,Group1,OA2.0300PDT4002_2.pv
335,Group1,OA2.0300TT4002_4.pv
336,Group1,OA2.0300FT4002_8.pv
337,Group1,OA2.0300FT4002_1.pv
338,Group1,OA2.0300TT4003_5.pv
339,Group1,OA2.R0300FT4001_5.pv
340,Group1,OA2.0300PT4003_16.pv
341,Group1,OA2.0300TT4001_24C.pv
342,Group1,OA2.0300TT4502_3.pv
343,Group1,OA2.0300PDT4502_2.pv
344,Group1,OA2.0300TT4502_4.pv
345,Group1,OA2.0300FT4502_8.pv
346,Group1,OA2.0300FT4502_1.pv
347,Group1,OA2.R0300FT4501_5.pv
348,Group1,OA2.0300PT4503_16.pv
349,Group1,OA2.0300TT4501_24C.pv
350,Group1,OA2.0300TT5214_13A.pv
351,Group1,OA2.0300TT5214_14.pv
352,Group1,OA2.0300TT5214_15A.pv
353,Group1,OA2.0300TT5214_17.pv
354,Group1,OA2.0300TT5214_18.pv
355,Group1,OA2.0300TT5514_13A.pv
356,Group1,OA2.0300TT5514_14.pv
357,Group1,OA2.0300TT5514_15A.pv
358,Group1,OA2.0300TT5514_17.pv
359,Group1,OA2.0300TT5514_18.pv
360,Group1,OA2.0300TT5214_18A.pv
361,Group1,OA2.0300PIC5214_3B.pv
362,Group1,OA2.0300TT5230_2.pv
363,Group1,OA2.0300FIC5009_23.pv
364,Group1,OA2.0300FT5214_8.pv
365,Group1,OA2.0300FT5230_3.pv
366,Group1,OA2.0300FIC5230_4.pv
367,Group1,OA2.0300FT5229_5.pv
368,Group1,OA2.0300FT5270_7.pv
369,Group1,OA2.0300TT5514_18A.pv
370,Group1,OA2.0300PIC5514_3B.pv
371,Group1,OA2.0300TT5530_2.pv
372,Group1,OA2.0300FIC5309_23.pv
373,Group1,OA2.0300FT5514_8.pv
374,Group1,OA2.0300FT5530_3.pv
375,Group1,OA2.0300FIC5530_4.pv
376,Group1,OA2.0300FT5529_5.pv
377,Group1,OA2.0300FQI5570_7.pv
378,Group1,OA2.0300FI_7020_01.pv
379,Group1,OA2.0300TI_7008_01.pv
380,Group1,OA2.0300TI_7020_01.pv
381,Group1,OA2.0300FI_7320_01.pv
382,Group1,OA2.0300TI_7308_01.pv
383,Group1,OA2.0300TI_7320_01.pv
384,Group1,OA2.0300FT9001_9.pv
385,Group1,OA2.0300FI_7030_01.pv
386,Group1,OA2.0300TI_7031-25.pv
387,Group1,OA2.0300TI_7030_01.pv
388,Group1,OA2.0300FI_7330_01.pv
389,Group1,OA2.0300TI_7301-25.pv
390,Group1,OA2.0300TI_7330_01.pv
391,Group1,OA5906.1300TT9300_3.pv
392,Group1,OA5906.1300PT9300_3.pv
393,Group1,OA5906.1300FT9300_3.pv
394,Group1,OA5906.1300PT9300_4.pv
395,Group1,OA5906.1300TT9300_4.pv
396,Group1,OA5906.1300FT9300_4.pv
397,Group1,OA5906.1300TT2008_11.pv
398,Group1,OA5906.1300TT2008_7.pv
399,Group1,OA5906.1300TIC2008_6.pv
400,Group1,OA5906.1300FT2007_2.pv
401,Group1,OA5906.1300PT2008_3A.pv
402,Group1,OA5906.1300TT2011_1.pv
403,Group1,OA5906.1300FT2008_1.pv
404,Group1,OA5906.1300TT4002_3.pv
405,Group1,OA5906.1300PDT4002_2.pv
406,Group1,OA5906.1300TT4002_4.pv
407,Group1,OA5906.1300FT4002_8.pv
408,Group1,OA5906.1300FT4002_1.pv
409,Group1,OA5906.1300TT4003_5.pv
410,Group1,OA5906.1300FT4001_5.pv
411,Group1,OA5906.1300PT4003_16.pv
412,Group1,OA5906.1300TT4001_24C.pv
413,Group1,OA5906.1300TT4502_3.pv
414,Group1,OA5906.1300PDT4502_2.pv
415,Group1,OA5906.1300TT4502_4.pv
416,Group1,OA5906.1300FT4502_8.pv
417,Group1,OA5906.1300FT4502_1.pv
418,Group1,OA5906.1300TT4503_5.pv
419,Group1,OA5906.1300FT4501_5.pv
420,Group1,OA5906.1300PT4503_16.pv
421,Group1,OA5906.1300TT4501_24C.pv
422,Group1,OA5906.a1300TT5214_02.pv
423,Group1,OA5906.1300TT5214_03.pv
424,Group1,OA5906.a1300TT5214_04.pv
425,Group1,OA5906.1300TIC5214_5.pv
426,Group1,OA5906.a1300TT5514_02.pv
427,Group1,OA5906.1300TT5514_03.pv
428,Group1,OA5906.a1300TT5514_04.pv
429,Group1,OA5906.1300TT5514_5.pv
430,Group1,OA5906.a1300TT5214_06.pv
431,Group1,OA5906.1300PIC5214_3B.pv
432,Group1,OA5906.1300TT5230_2.pv
433,Group1,OA5906.1300FT5009_23.pv
434,Group1,OA5906.1300FT5214_8.pv
435,Group1,OA5906.1300FT5230_3.pv
436,Group1,OA5906.1300FT5230_4.pv
437,Group1,OA5906.1300FT5229_5.pv
438,Group1,OA5906.1300FT5270_7.pv
439,Group1,OA5906.a1300TT5514_06.pv
440,Group1,OA5906.1300PIC5514_3B.pv
441,Group1,OA5906.1300TT5530_2.pv
442,Group1,OA5906.1300FT5309_23.pv
443,Group1,OA5906.1300FT5514_8.pv
444,Group1,OA5906.1300FT5530_3.pv
445,Group1,OA5906.1300FT5530_4.pv
446,Group1,OA5906.1300FT5529_5.pv
447,Group1,OA5906.1300FT5570_7.pv
448,Group1,OA5906.FI_7020_01.pv
449,Group1,OA5906.TI_7008_01.pv
450,Group1,OA5906.TI_7020_01.pv
451,Group1,OA5906.FI_7320_01.pv
452,Group1,OA5906.TI_7308_01.pv
453,Group1,OA5906.TI_7320_01.pv
454,Group1,OA5906.1300FT9001_9.pv
455,Group1,OA5906.FI_7030_01.pv
456,Group1,OA5906.TI_7031-25.pv
457,Group1,OA5906.TI_7030_01.pv
458,Group1,OA5906.FI_7330_01.pv
459,Group1,OA5906.TI_7301-25.pv
460,Group1,OA5906.TI_7330_01.pv
461,Group1,OA1.R0100TT_92301_AVG.out
462,Group1,OA1.R0100PT_92301A.pv
463,Group1,OA1.R0100PT_92301B.pv
464,Group1,OA1.R0100FT_92301.pv
465,Group1,OA1.0100FQI_92301.out
466,Group1,OA1.0100TT_92305.pv
467,Group1,OA1.0100PT_92303.pv
468,Group1,OA1.0100TT_20106.pv
469,Group1,OA1.0100TT_20105.pv
470,Group1,OA1.0100TT_20112.pv
471,Group1,OA1.0100TT_10117.pv
472,Group1,OA1.0100TT_10114.pv
473,Group1,OA1.0100TT_10109.pv
474,Group1,OA1.0100TT_20102.pv
475,Group1,OA1.0100TT_20103.pv
476,Group1,OA1.0100TT_20113.pv
477,Group1,OA1.0100PT_10103.pv
478,Group1,OA1.0100FI_10102.pv
479,Group1,OA1.0100FT_20103.pv
480,Group1,OA1.0100TT_20425.pv
481,Group1,OA1.0100TT_20427.pv
482,Group1,OA1.ATI_20302.pv
483,Group1,OA1.0100TT_20431.pv
484,Group1,OA1.0100TT_20432.pv
485,Group1,OA1.API_20302.pv
486,Group1,OA1.AFI_20301.pv
487,Group1,OA1.0100TT_20407.pv
488,Group1,OA1.0100TT_20405.pv
489,Group1,OA1.0100TT_20408.pv
490,Group1,OA1.API_20401.pv
491,Group1,OA1.ATI_20402.pv
492,Group1,OA1.AFI_20401.pv
493,Group1,OA1.0100TT_20505.pv
494,Group1,OA1.0100TT_20504.pv
495,Group1,OA1.0100TT_20601.pv
496,Group1,OA1.0100PT_20501.pv
497,Group1,OA1.AFI_20501.pv
498,Group1,OA1.0100TT_20703.pv
499,Group1,OA1.0100TT_20710.pv
500,Group1,OA1.0100TT_20706.pv
501,Group1,OA1.0100TIC_20706.pv
502,Group1,OA1.0100FI_20801.pv
503,Group1,OA1.0100FIC_20801.pv
504,Group1,XXFI20703.pv
505,Group1,OA1.0100TT_50303.pv
506,Group1,OA1.0100TT_50301.pv
507,Group1,OA1.0100TT_50302.pv
508,Group1,OA1.0100FT_50301.pv
509,Group1,OA1.0100FIC_50301.pv
510,Group1,OA1.0100TT_50305.pv
511,Group1,OA1.0100TT_50307.pv
512,Group1,OA1.0100TIC_50307.pv
513,Group1,OA1.0100FT_50102.pv
514,Group1,OA1.0100TT_50702.pv
515,Group1,OA1.0100TI_50605.pv
516,Group1,OA1.0100TT_50701.pv
517,Group1,OA1.0100PT_50601.pv
518,Group1,OA1.0100FI_50601.pv
519,Group1,OA1.0100TT_80203.pv
520,Group1,OA1.0100TT_80101.pv
521,Group1,OA1.0100TT_80205.pv
522,Group1,OA1.0100FT_80102.pv
523,Group1,OA1.0100FT_80201.pv
524,Group1,OA1.ATT11201.pv
525,Group1,OA1.APT11201.pv
526,Group1,OA1.0100FI_11801.pv
527,Group1,OA1.ATT11203.pv
528,Group1,OA1.APT11203A.pv
529,Group1,OA1.ATT11301.pv
530,Group1,OA1.ATT11304.pv
531,Group1,OA1.ATT12201.pv
532,Group1,OA1.APT12201.pv
533,Group1,OA1.0100FI_11802.pv
534,Group1,OA1.ATT12203.pv
535,Group1,OA1.APT12203A.pv
536,Group1,OA1.ATT12301.pv
537,Group1,OA1.ATT12304.pv
538,Group1,OA1.0100TIA_52301.pv
539,Group1,OA1.0100TINSA_52302.pv
540,Group1,OA1.0100TIA_62301.pv
541,Group1,OA1.0100TINSA_62302.pv
542,Group1,OA1.0100TI_62401.pv
543,Group1,OA1.0100TI_62402.pv
544,Group1,OA1.0100PI_62401.pv
545,Group1,OA1.0100PISA_62402A.pv
546,Group1,OA1.0100FT_60102.pv
547,Group1,OA7750.r1100TT_92301_AVG.out
548,Group1,OA7750.a1100PT_92301A.pv
549,Group1,OA7750.a1100PT_92301B.pv
550,Group1,OA7750.a1100FT_92301.pv
551,Group1,OA7750.1100FQI_92301.pv
552,Group1,OA7750.1100TT_20106.pv
553,Group1,OA7750.1100TT_20105.pv
554,Group1,OA7750.1100TT_20112.pv
555,Group1,OA7750.1100TT_10117.pv
556,Group1,OA7750.1100TT_10114.pv
557,Group1,OA7750.1100TT_10109.pv
558,Group1,OA7750.1100TT_20102.pv
559,Group1,OA7750.1100TT_20103.pv
560,Group1,OA7750.1100TT_20113.pv
561,Group1,OA7750.1100PT_10103.pv
562,Group1,OA7750.1100FI_10102.pv
563,Group1,OA7750.1100FT_20103.pv
564,Group1,OA7750.1100TT_20425.pv
565,Group1,OA7750.1100TT_20427.pv
566,Group1,OA7750.aTI_20302.pv
567,Group1,OA7750.1100TT_20431.pv
568,Group1,OA7750.1100TT_20432.pv
569,Group1,OA7750.aPI_20302.pv
570,Group1,OA7750.aFI_20301A.pv
571,Group1,OA7750.r1FT_SUC_comp.pv
572,Group1,OA7750.1100TT_20407.pv
573,Group1,OA7750.1100TT_20405.pv
574,Group1,OA7750.1100TT_20408.pv
575,Group1,OA7750.aPI_20401.pv
576,Group1,OA7750.aFI_20401A.pv
577,Group1,OA7750.r2FT_SUC_com.pv
578,Group1,OA7750.1100TT_20505.pv
579,Group1,OA7750.1100TT_20504.pv
580,Group1,OA7750.1100TT_20601.pv
581,Group1,OA7750.1100PT_20501.pv
582,Group1,OA7750.1100aFI_20501.pv
583,Group1,OA7750.r3FT_SUC_com.pv
584,Group1,OA7750.1100TT_20703.pv
585,Group1,OA7750.1100TT_20710.pv
586,Group1,OA7750.1100TT_20706.pv
587,Group1,OA7750.1100TIC_20706.pv
588,Group1,OA7750.1100FI_20801.pv
589,Group1,OA7750.1100FIC_20801.pv
590,Group1,OA7750.0100TT_50301
591,Group1,OA7750.0100TT_50302
592,Group1,OA7750.0100TT_50303
593,Group1,OA7750.0100FT_50301
594,Group1,OA7750.0100FIC_50301
595,Group1,OA7750.1100TT_50305.pv
596,Group1,OA7750.1100TT_50307.pv
597,Group1,OA7750.1100TIC_50307.pv
598,Group1,OA7750.1100FT_50102.pv
599,Group1,OA7750.1100FIC_50102.pv
600,Group1,OA7750.1100TT_50702.pv
601,Group1,OA7750.II51TI_50605.pv
602,Group1,OA7750.1100TT_50701
603,Group1,OA7750.a1100PT_50601A.pv
604,Group1,OA7750.1100PT_50601.pv
605,Group1,OA7750.all51FI_50601A.pv
606,Group1,OA7750.II51FI_50601.pv
607,Group1,OA7750.1100TT_80203.pv
608,Group1,OA7750.1100TT_80101.pv
609,Group1,OA7750.1100TT_80205.pv
610,Group1,OA7750.1100FT_80102.pv
611,Group1,OA7750.1100FT_80101.pv
612,Group1,OA7750.1100FT_80201.pv
613,Group1,OA7750.TT11201.pv
614,Group1,OA7750.aTI_20402.pv
615,Group1,OA7750.PT11201.pv
616,Group1,OA7750.aPI_20402.pv
617,Group1,OA7750.1100FT_11801.pv
618,Group1,OA7750.TT11203.pv
619,Group1,OA7750.PT11203A.pv
620,Group1,OA7750.PE11203A.pv
621,Group1,OA7750.TT11301.pv
622,Group1,OA7750.TT11304.pv
623,Group1,OA7750.1100FI_11802.pv
624,Group1,OA7750.PT12201.pv
625,Group1,OA7750.PT12241.pv
626,Group1,OA7750.TT12201.pv
627,Group1,OA7750.TT12203.pv
628,Group1,OA7750.PT12203A.pv
629,Group1,OA7750.TT12301.pv
630,Group1,OA7750.TT12304.pv
631,Group1,OA7750.II51TIA_52301.pv
632,Group1,OA7750.II51TINSA_52302.pv
633,Group1,OA7750.II61TIA_62301.pv
634,Group1,OA7750.II61TINSA_62302.pv
635,Group1,FAR03.6410FIQR10001.OUT
636,Group1,FAR03.6410FIQR10002.OUT
637,Group1,FAR03.6410FIQR10003.OUT
638,Group1,FAR03.6410FIQR10004.OUT
639,Group1,FAR03.6410FIQ_10006.OUT
640,Group1,FAR03.6410FIQ_10007.OUT
641,Group1,FAR03.6410FIQR_10001.pv
642,Group1,FAR03.6410FIQR_10003.pv
643,Group1,FAR03.6410FIQR_10005.pv
644,Group1,FAR03.6410PIAS_10001.pv
645,Group1,FAR03.6410TI_10001.pv
646,Group1,FAR03.6410TIA_10002.pv
647,Group1,XX.6410TI_10001.pv
648,Group1,XX.6410HI_10001.pv
649,Group1,FAR05.6450PIRA_10002.PV
650,Group1,FAR05.6450TT_10002.PV
651,Group1,FAR05.FIQ10002.OUT
652,Group1,FAR05.FIRQ10004.OUT
653,Group1,FAR05.6450PIRAS_10002.PV
654,Group1,FAR05.6450TT_10001.PV
655,Group1,FAR05.6450FIRQ_10001.PV
656,Group1,FAR05.6450PIR_10003.PV
657,Group1,FAR05.FIQ10005.OUT
658,Group1,FAR03.6410HRQ_4.pv
659,Group1,analyst.6410HRQ_1.pv
660,Group1,analyst.6410HRQ_2.pv
661,Group1,analyst.6410HRQ_3.pv
662,Group1,analyst.6410HRQ_4.pv
663,Group1,analyst.6410HRQ_5.pv
664,Group1,analyst.6410HRQ_6.pv
665,Group1,analyst.6410HRQ_7.pv
666,Group1,analyst.6410HRQ_8.pv
667,Group1,FAR03.6410HRQ_9.pv
668,Group1,FAR03.6410HRQ_5.pv
669,Group1,FAR03.6410HRQ_7.PV
670,Group1,FAR03.6410HRQ_20.pv
671,Group1,FAR03.6410HRQ_19.pv
672,Group1,FAR03.6410HRQ_16.PV
673,Group1,FAR03.6410II_M01A.PV
674,Group1,FAR03.6410II_M01B.PV
675,Group1,FAR03.6410II_M01C.PV
676,Group1,FAR03.6410II_M01D.PV
677,Group1,FAR03.6410II_M01E.PV
678,Group1,FAR03.6410II_P01A.PV
679,Group1,FAR03.6410II_P01B.PV
680,Group1,FAR03.6410II_P01C.PV
681,Group1,FAR03.6410II_P01D.PV
682,Group1,OA0515.7410FIQ_10006.out
683,Group1,OA0515.7410FIQ_10001.out
684,Group1,OA0515.7410FIQ_10002.out
685,Group1,OA0515.7410FIQ_10003.out
686,Group1,OA0515.7410FIQ_10004.out
687,Group1,OA0515.7410FIQ_10005.out
688,Group1,OA0515.7410FT_10001.pv
689,Group1,OA0515.7410FT_10003.pv
690,Group1,OA0515.7410FT_10005.pv
691,Group1,OA0515.7410PT_10001.pv
692,Group1,OA0515.7410TT_10001.pv
693,Group1,OA0515.7410TI_10001.pv
694,Group1,OA0515.7410TIA_10002.pv
695,Group1,OA7750.1100PT_92303.PV
696,Group1,OA7750.1100TT_92305.PV
697,Group1,OA0515.7410_AI008.pv
698,Group1,OA0515.7410_AI010.pv
699,Group1,analyst.7410HRQ_2.pv
700,Group1,analyst.7410HRQ_3.pv
701,Group1,analyst.7410HRQ_4.pv
702,Group1,analyst.7410HRQ_5.pv
703,Group1,analyst.7410HRQ_6.pv
704,Group1,analyst.7410HRQ_7.pv
705,Group1,analyst.7410HRQ_8.pv
706,Group1,analyst.7410HRQ_9.pv
707,Group1,OA0515.7410_AI011.pv
708,Group1,FAR03.7410HRQ_6.pv
709,Group1,FAR03.7410HRQ_7.pv
710,Group1,FAR03.7410HRQ_16.pv
711,Group1,FAR03.7410HRQ_8.pv
712,Group1,OA0515.7410II_M01A.PV
713,Group1,OA0515.7410II_M01B.PV
714,Group1,OA0515.7410II_M01C.PV
715,Group1,OA0515.7410II_M01D.PV
716,Group1,OA0515.7410II_M01E.PV
717,Group1,OA0515.7410EII_P02A.PV
718,Group1,OA0515.7410EII_P02B.PV
719,Group1,OA0515.7410EII_P02C.PV
720,Group1,OA0515.7410EII_P01A.PV
721,Group1,OA0515.7410EII_P01B.PV
722,Group1,OA0515.7410EII_P01C.PV
723,Group1,OA0515.7410EII_P01D.PV
724,Group1,OA0515.7410EII_P01E.PV
